nome,cpf,email
Agatha Gomes,47030856073,larissa95@yahoo.com.br
Agatha Nascimento,53686156562,fogacaraquel@silveira.br
Agatha Nunes,36537807266,gmelo@freitas.br
Agatha Oliveira,65631925523,yasmin76@barros.br
Agatha Ribeiro,71612587231,matheus75@monteiro.org
Alana Farias,49928102324,wmartins@aragao.com
Alana Martins,92950456450,ybarros@hotmail.com
Alana Monteiro,45154499126,catarina06@ig.com.br
Alana Viana,87403196818,mariana74@uol.com.br
Alana da Conceição,11433350236,cunhagiovanna@alves.br
Alexandre Campos,11916640125,felipecaldeira@ig.com.br
Alexandre Ribeiro,71381955627,vpeixoto@da.com
Alexandre da Rocha,27278549301,enzo-gabrielda-cunha@yahoo.com.br
Alexia Barbosa,99141076780,azevedocecilia@gmail.com
Alexia Farias,28114227272,augustogomes@yahoo.com.br
Alexia Silveira,97490736363,goncalvesmilena@hotmail.com
Alice Correia,80418652864,carvalhocaua@dias.com
Alice Cunha,92683988227,isabellycorreia@bol.com.br
Alice Pires,84274877430,ana-liviada-conceicao@da.br
Alice da Cruz,46494741340,luiz-otaviosilveira@hotmail.com
Alícia Ramos,80805050390,srodrigues@hotmail.com
Alícia Souza,77091432557,fogacahenrique@lopes.br
Alícia da Cunha,47855453019,theoazevedo@da.com
Amanda Castro,59483254401,isabellydas-neves@hotmail.com
Amanda Correia,17606272374,qda-paz@caldeira.com
Amanda Gomes,37771458974,luana74@ig.com.br
Amanda Pereira,27718227767,maria-cecilia96@hotmail.com
Amanda Pinto,45828330962,rezendeheitor@hotmail.com
Amanda Ramos,54029929282,juanmonteiro@ig.com.br
Amanda da Conceição,85124379300,jmonteiro@santos.br
Ana Barbosa,45465984382,vianajoaquim@uol.com.br
Ana Beatriz da Conceição,79846508616,cardosonicolas@rocha.org
Ana Carolina Barbosa,70110879212,pedro-henriquemendes@santos.org
Ana Carolina Fernandes,48786481424,sophia89@hotmail.com
Ana Carolina Viana,30364104576,ferreirabeatriz@bol.com.br
Ana Clara Carvalho,50033573448,martinsyago@yahoo.com.br
Ana Clara Melo,99511692033,enzo-gabrielda-paz@uol.com.br
Ana Clara Moraes,51031240576,eda-rocha@da.org
Ana Clara Pires,38493312017,davi-lucasteixeira@da.net
Ana Costela,75599717156,da-pazisaac@das.com
Ana Julia Araújo,86792064016,carlos-eduardorocha@santos.com
Ana Julia Costela,48928870114,soliveira@mendes.br
Ana Julia Moreira,14800233905,mramos@gmail.com
Ana Júlia Fernandes,62427588337,joao-felipe86@yahoo.com.br
Ana Júlia Nunes,60605576060,leticiadas-neves@ramos.com
Ana Laura Dias,57521831502,gmoreira@costa.br
Ana Luiza Cardoso,41837123951,pintogabriel@ig.com.br
Ana Luiza Dias,24702189396,pietra44@nogueira.net
Ana Luiza Gomes,43871676959,luigi14@castro.net
Ana Lívia Gomes,99369594653,azevedorafael@sales.br
Ana Lívia Sales,84529819128,rfogaca@farias.com
Ana Nascimento,97122484240,maria-vitoria44@yahoo.com.br
Ana Novaes,91412528848,xda-paz@da.net
Ana Peixoto,25487161680,joao-felipe91@uol.com.br
Ana Ramos,81177661839,rda-rocha@jesus.com
Ana Rodrigues,89231104533,luanaoliveira@bol.com.br
Ana Sophia Cunha,96228613038,jcavalcanti@yahoo.com.br
Ana Vieira,61973429354,danielasilva@hotmail.com
Ana Vitória Barros,34972729385,sofiada-luz@yahoo.com.br
Ana Vitória Duarte,60973685348,mlopes@yahoo.com.br
Ana Vitória Fogaça,46586642850,maria-fernandacavalcanti@vieira.com
Ana Vitória Lopes,82234697931,ramosjoao-pedro@da.net
Ana Vitória Mendes,35780181456,gustavo38@bol.com.br
Ana Vitória Moura,18898278056,nicole58@uol.com.br
Ana Vitória Porto,36566344984,da-rosamanuela@cardoso.com
Ana Vitória Rocha,54778349202,mbarros@freitas.com
Ana Vitória Rodrigues,23798207125,moraesjoao-pedro@cunha.net
Ana Vitória Silva,81377064462,joana96@ig.com.br
Ana Vitória da Paz,12491146038,bryan01@ig.com.br
Ana Vitória das Neves,69681601703,pietraviana@gmail.com
Ana da Cunha,59259163074,vicenteoliveira@bol.com.br
Ana da Mata,25259568911,sophieda-conceicao@uol.com.br
André Monteiro,16288089630,rezendelucas-gabriel@bol.com.br
André Peixoto,33040506958,kalves@gmail.com
Anthony Costela,47961315439,hpinto@hotmail.com
Anthony Lopes,69414719172,yagoribeiro@campos.br
Antônio Costela,41718766471,ocorreia@bol.com.br
Antônio das Neves,17024850482,kviana@fernandes.br
Arthur Pereira,16273525838,maitefarias@gmail.com
Augusto Aragão,53279156047,dgomes@vieira.com
Augusto Gonçalves,94437151405,joao-lucasda-rocha@gmail.com
Augusto Teixeira,28425777700,pfreitas@rodrigues.br
Beatriz Correia,38661237774,mgoncalves@farias.com
Beatriz Freitas,59405423706,pereiraeduardo@uol.com.br
Beatriz Gonçalves,48432674964,joanafernandes@hotmail.com
Beatriz Porto,82689632600,kevinda-cruz@uol.com.br
Beatriz Santos,76433532861,emanuellacardoso@ig.com.br
Beatriz Souza,29099188914,silveirabarbara@da.br
Beatriz Souza,93608727457,kmoreira@costela.br
Beatriz Vieira,58405623518,eduardosouza@vieira.com
Beatriz da Mata,72577766427,lribeiro@bol.com.br
Benjamin Peixoto,81906989864,bianca71@peixoto.net
Benjamin Rezende,53264327966,alexiada-rosa@ribeiro.com
Benjamin Ribeiro,99177375679,pedrolima@uol.com.br
Benjamin da Costa,95379711543,cunhaalexandre@porto.br
Benício Correia,99108436157,aliciacostela@fernandes.com
Benício Costela,34491246802,marinamoreira@yahoo.com.br
Benício Duarte,17580064923,gustavo-henrique29@gmail.com
Benício Nunes,85645425947,leandro74@bol.com.br
Bernardo Nascimento,85223087259,matheus60@ig.com.br
Bernardo Silveira,25016909683,cavalcantiisabel@hotmail.com
Bernardo Viana,25425646508,davi28@gmail.com
Bianca Cardoso,33532351750,ryan21@moraes.com
Bianca da Rosa,65691612743,gabrielly64@rocha.br
Brenda Martins,50634816572,vcarvalho@yahoo.com.br
Brenda Moura,72901566258,moraesbarbara@ig.com.br
Brenda Rezende,91659246900,lorenzoaragao@monteiro.com
Brenda Rodrigues,46161668582,mfernandes@ig.com.br
Brenda das Neves,44281384892,stephany27@hotmail.com
Breno Costa,53667117939,stellaviana@yahoo.com.br
Breno Dias,60260659464,vianamaria-julia@ig.com.br
Breno Teixeira,83362013549,ucosta@nunes.com
Bruna Cavalcanti,50967367610,da-costabenicio@carvalho.com
Bruna Nascimento,28408686003,cardosoluana@ig.com.br
Bruna Pereira,91226583010,luiz-miguelrodrigues@dias.br
Bruna Silveira,59887737333,rafaela94@ig.com.br
Bruno Cunha,39263818044,araujomarcos-vinicius@martins.br
Bruno Peixoto,93135363400,camposmaite@moraes.com
Bryan Moreira,65636274715,ana-luizaferreira@bol.com.br
Bryan da Cunha,37333992226,enzo-gabriel59@aragao.br
Bárbara Araújo,72597106441,castroana-laura@yahoo.com.br
Bárbara Cardoso,92813483242,marcelorezende@almeida.br
Bárbara Fogaça,14444769448,nicolasviana@moura.br
Bárbara Pires,53687299679,enricocarvalho@da.br
Bárbara Ramos,51601065305,fmelo@yahoo.com.br
Bárbara da Mota,68070687011,hcostela@hotmail.com
Caio Monteiro,84647699416,alvesjoana@goncalves.br
Caio Pinto,60507339298,carlos-eduardo36@bol.com.br
Calebe Mendes,92296918588,qdias@gomes.com
Camila Cardoso,98315598306,paulonascimento@souza.com
Camila Martins,59957171626,isabelly77@barbosa.net
Camila da Rosa,11858495796,ana-beatrizalmeida@barros.com
Carlos Eduardo Cardoso,17642142876,milenaalves@uol.com.br
Carlos Eduardo Fogaça,60963280152,luccaribeiro@fernandes.net
Carlos Eduardo Martins,93229655654,wrezende@nogueira.com
Carlos Eduardo Rocha,60875339727,mcardoso@costela.br
Carlos Eduardo Silva,72746332271,gomesjoana@yahoo.com.br
Carlos Eduardo da Conceição,78447495576,qpinto@ig.com.br
Carolina Fogaça,49959623330,marinada-mata@da.net
Carolina Moraes,47484768128,maiteda-luz@cavalcanti.com
Carolina Rodrigues,64478229302,maite00@ig.com.br
Carolina Vieira,69214514234,xalmeida@moreira.com
Carolina Vieira,71891980599,agatha01@pereira.org
Carolina Vieira,74868768471,carvalhogabriela@bol.com.br
Carolina das Neves,47665390799,breno70@lopes.com
Caroline Cardoso,92490477288,kamillyfarias@da.com
Caroline Costa,69729789360,clopes@gmail.com
Caroline Melo,92305473082,beatrizda-paz@pires.org
Catarina Barros,95084112698,mpeixoto@yahoo.com.br
Catarina Melo,55946272310,hmelo@ferreira.br
Cauã Gonçalves,40992717961,gomeslorena@ig.com.br
Cauã Rocha,81497505518,lfarias@ig.com.br
Cauê Aragão,25253345032,leandro77@ig.com.br
Cauê Melo,44066656990,matheusmartins@rodrigues.com
Cauê Moreira,91240965442,cdas-neves@peixoto.com
Cecília Cardoso,14522900470,vianadiego@monteiro.org
Clara Campos,27921346871,claraoliveira@yahoo.com.br
Clara Castro,46827361492,mendesdaniela@uol.com.br
Clarice Jesus,70465769912,ynogueira@nascimento.com
Daniel Azevedo,35653505118,camila03@hotmail.com
Daniel Castro,72042415941,bvieira@gmail.com
Daniel Rezende,76000880155,rafael63@ig.com.br
Daniela Cardoso,26347873703,gabrielafarias@da.com
Daniela Correia,34152729693,oliviapinto@da.net
Daniela Costela,48458960817,scampos@mendes.br
Daniela Farias,56568693593,fernandesdavi-lucca@castro.com
Daniela Mendes,51654658557,bruno52@peixoto.br
Daniela Moreira,46981883702,da-cruzjoana@hotmail.com
Daniela Nascimento,90358419679,dnogueira@da.br
Danilo Caldeira,35089002634,ibarros@gmail.com
Danilo Ferreira,78651729415,yferreira@silveira.com
Davi Campos,34956486388,da-matabenjamin@duarte.br
Davi Costela,26859315299,isaacrezende@da.net
Davi Costela,71138445295,danielaaraujo@da.net
Davi Ferreira,45305343998,igomes@da.org
Davi Gomes,78831721640,enascimento@yahoo.com.br
Davi Lucas Costa,77038348388,vitoria68@vieira.br
Davi Lucas Dias,78656238520,da-luzleticia@correia.com
Davi Lucas Gonçalves,97306812621,gabriel07@aragao.br
Davi Lucas Nascimento,66764714589,carlos-eduardocavalcanti@santos.br
Davi Lucca Ramos,32382309255,silveiraana-carolina@silveira.org
Davi Luiz Monteiro,73669492703,marinaazevedo@yahoo.com.br
Davi Luiz Peixoto,85300058314,da-rochavitoria@monteiro.br
Davi Luiz da Luz,19392713764,agatha95@teixeira.com
Davi Santos,36159701389,melissamonteiro@gmail.com
Diego Cardoso,70458388587,moraeserick@viana.org
Diego Rezende,26171811587,mouraleonardo@costa.net
Diego Silveira,55791438401,cavalcantijoao-vitor@bol.com.br
Diego Teixeira,50286968418,ferreirathiago@uol.com.br
Diogo Freitas,76769492770,maria-ceciliacampos@santos.org
Diogo Jesus,64929315883,ianvieira@lopes.org
Diogo Moraes,13712267997,nicolasda-paz@correia.br
Diogo Nascimento,91492853583,augustobarbosa@ribeiro.com
Diogo Silveira,91736168321,ana-vitoriafogaca@correia.com
Dr. André Castro,98468149659,renanrodrigues@ribeiro.com
Dr. Caio Melo,92934649769,rvieira@bol.com.br
Dr. Carlos Eduardo Cunha,17233548614,isabella72@bol.com.br
Dr. Danilo da Cunha,60157430607,caua93@gmail.com
Dr. Danilo da Mata,42520426227,santosleonardo@uol.com.br
Dr. Davi Lucas Monteiro,32828999569,da-cruzluna@uol.com.br
Dr. Davi Luiz Carvalho,29413301133,nmoreira@yahoo.com.br
Dr. Davi Sales,44164400863,alexandre01@fogaca.net
Dr. Diego Monteiro,61225526981,anthony10@vieira.br
Dr. Enrico Ferreira,87895581320,mariana52@bol.com.br
Dr. Erick Aragão,59933905464,hpinto@uol.com.br
Dr. Felipe das Neves,69110843113,salesmilena@bol.com.br
Dr. Fernando Rezende,24118597679,novaesdavi-lucas@uol.com.br
Dr. Gustavo Henrique Moreira,68230653461,vieiraluiz-miguel@goncalves.br
Dr. Isaac da Cunha,53651600502,jesuseduarda@gmail.com
Dr. Joaquim Cunha,51229653858,daniel90@hotmail.com
Dr. João Guilherme da Cruz,87039944980,pedro-miguelcarvalho@gmail.com
Dr. João Guilherme da Cunha,34821223152,henrique34@gmail.com
Dr. João Lucas Araújo,77090652008,mcampos@hotmail.com
Dr. João Lucas Cardoso,91731246064,isabelly82@farias.net
Dr. João Pedro Barros,21826480436,diasjoao-felipe@hotmail.com
Dr. João Pedro Cunha,34713627060,pedro-lucasda-paz@araujo.com
Dr. João Pedro Rodrigues,34060738378,teixeirajulia@pires.br
Dr. Leonardo Freitas,20534352229,anthony80@hotmail.com
Dr. Lorenzo Farias,65591075508,heitor87@rocha.org
Dr. Lucca Caldeira,40862525819,davi-lucasda-paz@mendes.com
Dr. Luiz Fernando Oliveira,33771410535,mcorreia@hotmail.com
Dr. Luiz Miguel Sales,67683187163,fernandesolivia@nascimento.br
Dr. Luiz Miguel da Luz,35964956564,msilva@da.com
Dr. Marcelo Fogaça,99926449139,camposmarcela@gmail.com
Dr. Marcos Vinicius Caldeira,12037359048,coliveira@gmail.com
Dr. Nathan Pires,43627736372,piresmaria-fernanda@uol.com.br
Dr. Noah da Rocha,87046430514,manuelada-costa@cavalcanti.com
Dr. Paulo Castro,35956560427,ceciliaaragao@peixoto.br
Dr. Renan da Conceição,47956926292,fernandacardoso@farias.com
Dr. Rodrigo Vieira,63486958491,xda-rocha@hotmail.com
Dr. Ryan Pereira,81749020978,leonardo75@alves.br
Dr. Samuel Ramos,86418620011,xda-luz@souza.org
Dr. Vicente Barbosa,22685579930,diasjoao-vitor@ramos.com
Dr. Vitor Gabriel Silveira,58726693316,eduardo99@moura.net
Dra. Alana Moraes,41191982726,rodriguescecilia@gmail.com
Dra. Amanda Souza,67370288466,xsouza@uol.com.br
Dra. Amanda Vieira,98411418433,thiagodias@araujo.br
Dra. Ana Beatriz Freitas,13221218562,murilomoura@bol.com.br
Dra. Ana Beatriz Silva,82408616814,mourajulia@viana.br
Dra. Ana Laura Moraes,47370453626,cardosostella@hotmail.com
Dra. Ana Laura Rocha,98625588870,ana-carolinaaraujo@moura.com
Dra. Ana Laura Silveira,46614643022,icampos@correia.org
Dra. Ana Peixoto,23915553103,olivia21@correia.org
Dra. Ana Vitória Alves,70171848417,kda-costa@ramos.br
Dra. Brenda da Costa,64403425671,noahlima@das.org
Dra. Carolina Cardoso,91141258287,kaique27@yahoo.com.br
Dra. Cecília da Mata,46479916384,leonardoviana@hotmail.com
Dra. Eduarda Moraes,61107064704,luiz-fernandoporto@vieira.br
Dra. Eloah Monteiro,73496508011,tda-paz@bol.com.br
Dra. Emilly Campos,65685688476,emanuellypereira@carvalho.com
Dra. Isabel Moraes,57899082145,isabellybarros@ig.com.br
Dra. Kamilly Melo,98293976572,pedro-miguelferreira@pinto.br
Dra. Lavínia Souza,80686229616,alveslavinia@rezende.br
Dra. Luna Duarte,32892835260,moreiraana-carolina@teixeira.org
Dra. Maitê da Conceição,12857076541,pedro-henrique78@yahoo.com.br
Dra. Maria Cecília Campos,80669356524,lcarvalho@ig.com.br
Dra. Maria Vitória Rocha,94952140935,lucas94@sales.org
Dra. Mariane Pires,20390871425,duarteana-julia@yahoo.com.br
Dra. Maysa da Rosa,65725859611,caldeiraenrico@ig.com.br
Dra. Melissa Freitas,41689766669,marcela21@da.net
Dra. Raquel da Mata,74626050328,ana-juliarezende@vieira.com
Dra. Rebeca Farias,43943048370,ninanovaes@moura.com
Dra. Valentina Nascimento,32723515786,carvalhoisadora@ig.com.br
Dra. Yasmin Souza,42269860788,nascimentoemanuel@santos.br
Eduarda Barros,46053378269,bcardoso@costa.com
Eduarda Dias,40469025295,zporto@teixeira.br
Eduarda Mendes,93007314358,gustavoramos@hotmail.com
Eduarda Ramos,83379197649,nunesdiego@da.br
Eduardo Almeida,48844524012,natalialopes@ig.com.br
Eduardo Aragão,27901055259,zmoraes@peixoto.com
Eduardo Carvalho,87561212940,azevedomaria-fernanda@dias.com
Eduardo Costa,65894608481,portoisis@gmail.com
Eduardo Viana,42847388460,joao-miguel21@ig.com.br
Elisa Souza,67754148359,lorenzo92@ig.com.br
Elisa da Mota,16988618163,alice04@yahoo.com.br
Eloah Almeida,41123988167,isaacpires@bol.com.br
Eloah Moura,77657257039,pintobenicio@uol.com.br
Emanuella Cavalcanti,37928468837,portoana-julia@gmail.com
Emanuella Fogaça,72037922140,pcorreia@lima.com
Emanuelly Carvalho,69453631305,ynunes@cavalcanti.br
Emanuelly Cunha,23412596008,svieira@bol.com.br
Emanuelly Lima,11877281484,renan48@ramos.com
Emanuelly da Conceição,64464673782,mmendes@cardoso.com
Emanuelly da Rocha,99419955129,gbarbosa@das.br
Emilly Fogaça,66095407288,ncosta@nascimento.br
Enrico Carvalho,24788196591,kaiqueda-conceicao@ig.com.br
Enrico Martins,28432946569,calebegomes@uol.com.br
Enrico Pinto,26608258423,carlos-eduardocunha@gmail.com
Enrico Rezende,81334589314,beatriz82@vieira.com
Enrico Rocha,54622983674,pcastro@ig.com.br
Enrico Sales,63099237092,rochabernardo@gmail.com
Enrico da Mota,94599230926,ferreirastella@fernandes.org
Enrico da Rocha,12229358757,marianaporto@bol.com.br
Enrico das Neves,23298246603,cda-rosa@gmail.com
Enzo Azevedo,32739447953,giovannada-mota@gmail.com
Enzo Gabriel Campos,25725371264,gomesmarcela@araujo.org
Enzo Gabriel Lopes,46997439196,liviaribeiro@moreira.br
Enzo Gabriel Nogueira,99326425950,silveiramaria-clara@hotmail.com
Enzo Gabriel das Neves,93798505961,moreiraleandro@rocha.com
Enzo Novaes,30450556371,moraesmarcelo@bol.com.br
Enzo Viana,92301742746,luiz-gustavo20@sales.br
Erick Aragão,71037184915,bruno11@da.com
Erick Dias,30948084309,laraazevedo@ig.com.br
Erick Rodrigues,81520943681,leticia40@barros.br
Esther Correia,22675158513,oliveiraesther@moreira.com
Esther da Costa,23385894329,eduardajesus@ig.com.br
Evelyn Oliveira,66536049389,pietrolima@gmail.com
Evelyn Rezende,34538707341,lara40@bol.com.br
Evelyn Silveira,19546019105,maraujo@araujo.net
Evelyn Teixeira,48225619336,zduarte@caldeira.com
Felipe Campos,61713328896,da-costaana-livia@uol.com.br
Felipe Cunha,91520399318,murilo68@lopes.com
Felipe Jesus,82809498897,holiveira@ig.com.br
Felipe Moreira,54249217500,caldeirajoao-felipe@ramos.br
Felipe da Costa,14292201408,luiz-gustavoviana@silva.br
Fernanda Sales,13979840936,paulo94@hotmail.com
Fernando Farias,27572873730,jazevedo@bol.com.br
Francisco Freitas,42722048370,melomarcela@hotmail.com
Francisco Vieira,69298799150,valentinada-rosa@ig.com.br
Francisco da Rosa,45685559754,fariasyuri@da.br
Gabriel Barbosa,56918688411,clariceda-rosa@yahoo.com.br
Gabriel Barbosa,80364664852,gabriel20@castro.br
Gabriel Moreira,99155806812,ycastro@bol.com.br
Gabriel Vieira,13263462804,da-conceicaobenjamin@bol.com.br
Gabriel da Cunha,47676387824,almeidanicole@bol.com.br
Gabriela Cardoso,88261382883,kda-cruz@nunes.com
Gabriela Melo,65439765251,da-matamaria-eduarda@ig.com.br
Gabriela Nascimento,81029311107,giovannaaragao@hotmail.com
Gabrielly Cardoso,39950289171,noah00@castro.com
Gabrielly Costela,91946516328,mendesluiza@hotmail.com
Gabrielly Nogueira,88852239705,duartejuan@costela.br
Gabrielly Rocha,63967370955,sofiaaraujo@uol.com.br
Gabrielly Viana,96856876325,pietrorocha@aragao.br
Giovanna Aragão,92298226554,dporto@hotmail.com
Giovanna Barbosa,17708016666,da-costabernardo@yahoo.com.br
Giovanna Fernandes,28703318427,agatha48@goncalves.br
Giovanna Rocha,11365333443,milena54@rocha.com
Giovanna Sales,65700782655,nicoleduarte@araujo.br
Giovanna Teixeira,55406978407,osilva@pires.org
Giovanna da Mota,24402478498,barrosmaria-eduarda@farias.net
Guilherme Barbosa,84998393742,eduardo20@freitas.br
Guilherme Ferreira,55224146999,arthur55@gmail.com
Guilherme Melo,26136347944,estherazevedo@cavalcanti.br
Guilherme Moraes,51945040475,augustodias@campos.br
Gustavo Castro,72515299707,lorenzoaragao@yahoo.com.br
Gustavo Henrique Carvalho,48323238447,raquel95@hotmail.com
Gustavo Henrique Rodrigues,49201004250,lsantos@hotmail.com
Gustavo Henrique Viana,77587635747,ununes@ramos.br
Gustavo Henrique da Rosa,87771379910,oliviasales@cavalcanti.com
Gustavo Lima,25557667215,costadavi-lucas@hotmail.com
Gustavo Porto,57981464740,danilo64@nascimento.br
Heitor Campos,35045606315,ribeirorodrigo@rezende.com
Heitor Oliveira,78387662604,jpinto@ig.com.br
Heitor da Rocha,72667263556,pedro-miguelviana@yahoo.com.br
Heitor das Neves,13353133987,pintodiogo@yahoo.com.br
Helena Freitas,95786200949,sarah81@uol.com.br
Helena Jesus,72517922017,monteiroluiza@gmail.com
Helena Lopes,21338958224,augustobarbosa@uol.com.br
Helena Novaes,95171409510,mariane54@pinto.br
Helena Pinto,34299069423,jesusana-clara@hotmail.com
Helena Porto,26052085269,nogueiratheo@cavalcanti.net
Helena Rezende,84296247103,tmoraes@bol.com.br
Heloísa Costa,97222176379,da-pazsabrina@oliveira.net
Heloísa Martins,53587328045,fnascimento@fogaca.com
Heloísa Peixoto,66405815628,isabella94@vieira.com
Heloísa Rocha,70533132517,emanuellyteixeira@caldeira.com
Henrique Nunes,71290395401,araujoelisa@da.com
Henrique da Luz,12886349765,cda-rocha@gomes.com
Henrique da Mota,95950877252,duarteana-luiza@silveira.com
Henrique das Neves,75181375592,isadora60@monteiro.org
Ian Nascimento,33757498117,vianaana-julia@hotmail.com
Igor Cardoso,41272716863,qrocha@uol.com.br
Igor Carvalho,84559071857,julianada-mota@silveira.com
Igor Peixoto,39396169935,limasarah@silveira.net
Igor Vieira,18032898881,stephany42@uol.com.br
Igor da Cunha,53904719225,duartethomas@almeida.br
Isaac Araújo,39183022719,carvalhoaugusto@carvalho.com
Isaac Freitas,39411338708,das-nevesdavi-lucas@da.com
Isaac da Luz,66531554547,ana59@barbosa.br
Isabel Nunes,87384932469,da-rosaian@da.net
Isabel da Paz,67175346929,vicente97@hotmail.com
Isabella Costela,29569744707,beniciocostela@castro.net
Isabella Rocha,27424107786,duarteerick@oliveira.com
Isabelly Dias,34443921374,peixotoheloisa@da.com
Isabelly Fernandes,48672764552,ana-laurapires@hotmail.com
Isabelly Nascimento,90737995203,isadora63@araujo.br
Isabelly Silveira,85647345221,salesnicole@ferreira.com
Isabelly da Cunha,40264480613,guilhermecostela@caldeira.com
Isabelly da Rocha,63299558312,fogacapedro-henrique@ig.com.br
Isadora da Cunha,51572992643,vicenteda-cunha@vieira.br
Isadora da Mota,99539439995,barbarateixeira@bol.com.br
Isis Azevedo,39208566331,da-motafrancisco@yahoo.com.br
Isis Novaes,21991543765,ana-livia73@cavalcanti.com
Isis Silveira,67754383175,scunha@costela.br
Isis Viana,49901326561,joao-gabrielmoreira@gmail.com
Isis da Cunha,49407427750,wmoura@ig.com.br
Joana Moura,64382770626,lais83@hotmail.com
Joana Ribeiro,75462258306,rmoura@hotmail.com
Joana Santos,76667206743,otavio25@bol.com.br
Joana da Cunha,12055333646,calebe33@ferreira.com
Joana da Mata,66893331831,rodrigorodrigues@hotmail.com
Joaquim Alves,79157921580,maria-luiza50@da.com
Joaquim Cardoso,97291176749,emanuellyrezende@da.br
Joaquim Cavalcanti,45859165101,maysa26@yahoo.com.br
João Castro,44413904480,bribeiro@ig.com.br
João Cunha,36030174441,raragao@melo.com
João Felipe Aragão,82995737307,rochabruno@bol.com.br
João Felipe Jesus,67323832868,julianogueira@ig.com.br
João Felipe Nogueira,60750460341,vitor92@silva.br
João Felipe Porto,28994993261,nunesthomas@freitas.com
João Felipe da Costa,25913496754,fernanda97@castro.br
João Felipe da Rocha,15949865380,lorenacavalcanti@gmail.com
João Felipe da Rosa,52828852429,almeidaevelyn@yahoo.com.br
João Ferreira,65855150769,wnogueira@hotmail.com
João Gabriel Campos,71492521215,jazevedo@yahoo.com.br
João Gabriel Sales,82301200184,thiagomelo@da.com
João Gabriel da Paz,75449571383,luiz-henriquesales@melo.br
João Guilherme Aragão,23587318119,fmartins@rodrigues.net
João Guilherme Araújo,34369774101,emillymoura@goncalves.com
João Guilherme Rocha,15113271816,eazevedo@nascimento.br
João Guilherme Sales,40823193200,clariceda-luz@uol.com.br
João Lucas Cunha,39942651545,livia95@fernandes.com
João Lucas Jesus,33758175941,maria-claramoraes@lima.br
João Lucas Rezende,35359963508,noahda-mota@hotmail.com
João Lucas Santos,58526993439,vianaalice@moraes.org
João Lucas Silva,71631647634,nfarias@da.br
João Miguel Melo,16707172360,nalves@da.com
João Miguel Ramos,12697723394,ada-rocha@gmail.com
João Miguel da Cunha,37094367346,vitorfarias@da.org
João Moraes,49591538988,ana-julia34@cavalcanti.br
João Pedro Duarte,58601384439,lcampos@hotmail.com
João Pedro da Cunha,33020985469,brenojesus@barros.com
João Pedro da Luz,54635740638,olima@almeida.br
João Pedro da Rocha,64562284955,xporto@gmail.com
João Pedro das Neves,20429819593,pmartins@gomes.com
João Vitor Aragão,73385875304,duarteheloisa@hotmail.com
João Vitor Cardoso,46346500699,iansantos@da.net
João Vitor Peixoto,57941801652,maria-luiza96@cardoso.com
João Vitor Rezende,68632804159,anthonycaldeira@gmail.com
João Vitor da Luz,43301237000,natalia38@bol.com.br
João da Cunha,41951050337,freitaspedro-miguel@freitas.org
Juan Jesus,94291254469,joao-vitorcunha@gmail.com
Juan Souza,90296143705,da-luzgabriel@da.com
Juan da Costa,72992092022,dda-luz@barbosa.br
Juan da Luz,61958490008,milena96@ig.com.br
Juan da Mata,69364167722,caue00@ig.com.br
Julia Fogaça,95960345396,clara70@moraes.com
Julia da Mota,91713905370,yda-mota@hotmail.com
Juliana Aragão,48502194792,pnogueira@oliveira.br
Juliana Campos,15280857153,lara59@das.com
Juliana Moreira,25632227240,ana-carolina58@ribeiro.br
Juliana da Paz,32393663239,fsouza@gmail.com
Kaique Araújo,44396439277,ymelo@ig.com.br
Kaique Barbosa,56432069542,dduarte@uol.com.br
Kaique Barros,44847390889,almeidajoao-gabriel@nascimento.org
Kaique Cardoso,22963831376,emilly05@yahoo.com.br
Kaique Fogaça,13499159349,calebe47@cunha.net
Kaique Lopes,90879229723,ecorreia@bol.com.br
Kaique Moura,86894079040,elisa79@ig.com.br
Kaique da Luz,78379772672,vitor-gabriel99@cunha.com
Kamilly Martins,97030767883,elisa30@gmail.com
Kamilly da Cunha,12452117238,luiz-miguelcardoso@ig.com.br
Kevin Cardoso,34526069023,sophiepereira@gmail.com
Kevin Pinto,64793155280,levi21@pereira.com
Kevin da Conceição,68699430552,barbaraaragao@novaes.net
Kevin da Cunha,37804462019,murilo83@hotmail.com
Kevin das Neves,61208382440,santospedro-lucas@pires.br
Lara Araújo,34054187939,davisilva@ig.com.br
Lara Moreira,67718095375,cavalcantiana-beatriz@melo.com
Lara Ribeiro,20251985658,lauraporto@uol.com.br
Lara Silveira,26226392614,gomesrebeca@vieira.org
Larissa Barros,85223731018,caldeiraleonardo@uol.com.br
Larissa Gomes,85960794301,umendes@novaes.org
Larissa Pires,43864551274,vieirafernanda@hotmail.com
Larissa Rezende,88990410211,evelyn91@santos.br
Larissa Vieira,24381136918,castroenzo@hotmail.com
Laura Gomes,97159585194,ccunha@da.net
Laura Monteiro,64152409095,sofiajesus@gmail.com
Laura Sales,72992801731,wteixeira@bol.com.br
Laura da Costa,39857122667,silveirathales@nogueira.br
Lavínia Ramos,78201501151,caio50@yahoo.com.br
Lavínia da Cunha,40817092790,zcostela@uol.com.br
Leandro Novaes,68526908642,maitedias@ferreira.com
Leandro Teixeira,32243216970,thiagorodrigues@alves.org
Leandro da Paz,62146175544,erick20@yahoo.com.br
Leandro da Rosa,88736969697,davi-lucas87@castro.com
Leonardo Lima,44495980675,joao-felipefernandes@ig.com.br
Leonardo Porto,52656149204,pmoura@moura.com
Leonardo Silva,23537064074,limapedro@carvalho.br
Leonardo Teixeira,43637908191,maria-eduardada-conceicao@ig.com.br
Letícia Nogueira,17580254981,salesana-sophia@hotmail.com
Letícia Souza,78149436380,fernandesbernardo@da.br
Levi Costela,16567800037,bryan81@ferreira.br
Levi Moraes,35618050147,da-cunhabianca@rodrigues.br
Levi Moraes,76286452037,da-rochamaria-luiza@lopes.br
Levi das Neves,15032260165,ana-liviaoliveira@rodrigues.br
Lorena Caldeira,95244814575,ana-laurada-costa@uol.com.br
Lorena da Luz,14498269077,tporto@da.br
Lorenzo da Cruz,23018901121,cunhadaniel@moreira.br
Luana Duarte,71881868769,silvastephany@ig.com.br
Luana Gonçalves,55788059442,luanalopes@peixoto.net
Luana da Costa,41399540505,teixeiraolivia@moreira.br
Luana da Mota,95341118875,ymartins@pinto.com
Lucas Castro,39605175793,castroleticia@bol.com.br
Lucas Farias,92017934819,sophiacastro@uol.com.br
Lucas Gabriel Farias,20078290553,teixeiraana-laura@hotmail.com
Lucas Gabriel Fogaça,28249824683,aragaolarissa@mendes.com
Lucas Gabriel da Rocha,76148562414,elisamoura@hotmail.com
Lucas Porto,24949598328,vieiramaysa@viana.com
Lucas da Luz,54119303777,pietrarodrigues@gmail.com
Lucas da Mota,38805193802,maria-cecilia54@bol.com.br
Lucca Caldeira,51150338712,ferreiraluiz-henrique@gmail.com
Lucca Pinto,53480578780,heloisa26@gmail.com
Lucca Pires,61069864783,amandalima@uol.com.br
Luiz Felipe Castro,28458560742,zlopes@gmail.com
Luiz Felipe Correia,21517391914,raragao@cavalcanti.org
Luiz Felipe da Mata,14311753533,goncalvesgustavo@silva.br
Luiz Fernando Caldeira,60624253394,luanaalves@pinto.com
Luiz Fernando Monteiro,24200772183,luccajesus@yahoo.com.br
Luiz Gustavo Aragão,97355830506,vicentegoncalves@fernandes.com
Luiz Gustavo Fernandes,34213656108,gabrielly85@dias.com
Luiz Gustavo Pereira,33028635078,da-pazmaysa@uol.com.br
Luiz Henrique Fernandes,67208205063,bruno57@moura.org
Luiz Miguel Lopes,80142023880,gomescaroline@goncalves.com
Luiz Miguel Teixeira,14846076895,rferreira@gmail.com
Luiz Miguel da Paz,47631426759,guilhermemonteiro@bol.com.br
Luiz Otávio Carvalho,51912760804,zmendes@bol.com.br
Luiz Otávio Pinto,27413909909,danielacarvalho@viana.br
Luiz Otávio Pires,15454168209,yuri52@bol.com.br
Luiz Otávio da Conceição,79183493119,juansantos@mendes.com
Luiz Otávio da Costa,66910232963,maria48@bol.com.br
Luiza da Mota,83056046312,nunesbenicio@oliveira.com
Luna Aragão,47002681613,varaujo@uol.com.br
Luna Campos,13985818297,maria-claracampos@peixoto.net
Luna Cavalcanti,47268830049,luiz-fernando21@pereira.com
Luna Jesus,97090875290,correiamurilo@gmail.com
Luna Novaes,32796594605,vieiranoah@pereira.com
Luna Pires,20514022603,marina30@ig.com.br
Luna Santos,28624563380,nvieira@silveira.net
Lívia Farias,29522850963,emanuellynogueira@souza.org
Lívia Vieira,11201079432,nogueiramirella@ig.com.br
Maitê da Cruz,65805405059,efreitas@ig.com.br
Manuela Aragão,69002343088,vieiradaniela@lima.com
Manuela Araújo,61653149602,maria-luiza91@costa.org
Manuela Costela,14355812852,barbarasales@ig.com.br
Manuela Farias,98758414598,maria-alice10@bol.com.br
Manuela Fogaça,53232613653,davi-lucca66@carvalho.com
Manuela Gonçalves,14517902213,uteixeira@bol.com.br
Manuela Nogueira,96667046362,diogo57@da.com
Manuela da Mata,37916307915,wmartins@martins.br
Marcela Azevedo,37193489591,lorena13@bol.com.br
Marcela Caldeira,54670033165,ana-carolina62@uol.com.br
Marcela Silva,14298070450,isadora22@hotmail.com
Marcelo Melo,54725529972,bruna75@yahoo.com.br
Marcelo Rezende,47586166991,xcavalcanti@monteiro.net
Marcos Vinicius da Conceição,36034465198,nathansales@da.br
Maria Alice Gomes,93460883524,davi-lucca63@ig.com.br
Maria Alice Sales,76951646159,omoreira@da.com
Maria Barros,53141768579,da-matadaniela@araujo.br
Maria Cecília Cunha,39630549569,silveirarenan@yahoo.com.br
Maria Cecília Ribeiro,81246396950,xda-conceicao@nascimento.com
Maria Cecília Viana,94038761872,oda-rosa@azevedo.br
Maria Clara Almeida,88735390859,ana-juliada-cunha@sales.com
Maria Clara Barbosa,46563283809,melissa28@fogaca.br
Maria Clara Lima,15608576457,luna06@gmail.com
Maria Eduarda Alves,51539026936,raulbarbosa@nunes.com
Maria Eduarda Caldeira,77275575710,cbarbosa@martins.com
Maria Eduarda Cardoso,59453154708,souzahenrique@bol.com.br
Maria Eduarda Dias,37668510159,pietro82@ig.com.br
Maria Eduarda Ribeiro,87883506830,yuri64@novaes.com
Maria Fernanda Campos,97406601696,joao-gabriel85@nogueira.org
Maria Fernanda Pereira,13749616200,caua98@barbosa.br
Maria Fernanda Silva,97249117064,azevedoana-beatriz@rocha.br
Maria Fernanda Silveira,65830735765,nda-cruz@gomes.br
Maria Fernanda Viana,91250098751,isis52@ig.com.br
Maria Ferreira,51984920333,fariaspaulo@yahoo.com.br
Maria Julia Aragão,98634207414,silvamaria-eduarda@gmail.com
Maria Julia Costa,85446412708,alanasantos@bol.com.br
Maria Julia Moreira,97952005632,grocha@silva.br
Maria Julia Nunes,12940590871,eduardo49@hotmail.com
Maria Julia Peixoto,28142855476,clariceporto@ig.com.br
Maria Julia Pinto,11312310001,duarteanthony@rezende.org
Maria Julia da Cruz,90982538663,nicole85@da.com
Maria Julia da Rosa,23894682784,nlopes@uol.com.br
Maria Luiza Alves,40754557413,onogueira@ig.com.br
Maria Luiza Cardoso,87319855599,vcastro@yahoo.com.br
Maria Luiza Carvalho,90933622742,almeidamaria-clara@rodrigues.br
Maria Luiza Cavalcanti,75158539196,da-rosadavi-lucas@silva.com
Maria Luiza Duarte,65769511828,correiaana-clara@correia.br
Maria Luiza Lima,24508653026,thiago05@uol.com.br
Maria Luiza Pinto,93369956446,da-rochajoana@bol.com.br
Maria Luiza Rezende,29535857442,maria-claramonteiro@bol.com.br
Maria Luiza Rezende,88984845951,jalmeida@ig.com.br
Maria Luiza da Paz,53641065815,ana-luizacardoso@souza.br
Maria Moraes,20858622396,mirella71@dias.com
Maria Pires,97413667496,ninalopes@ferreira.br
Maria Sophia Ferreira,31487901501,nnunes@ig.com.br
Maria Sophia Melo,88180375863,duartejoaquim@monteiro.com
Maria Sophia Nascimento,78496097533,hmoraes@da.org
Maria Sophia Ribeiro,12286834785,silveiradavi-luiz@gmail.com
Maria Sophia Viana,44603890113,diasana-julia@aragao.br
Maria Sophia da Costa,72983987293,jesusalexia@castro.org
Maria Sophia da Rosa,93605853517,bmoreira@gmail.com
Maria Viana,85530066733,joao-felipelopes@ig.com.br
Maria Vitória Jesus,91404283712,nicolascavalcanti@da.br
Maria Vitória Nogueira,73243792624,ana-beatrizda-mata@bol.com.br
Maria Vitória Pereira,47124626538,mariaramos@oliveira.com
Mariana Fernandes,28065310907,jesusjoaquim@souza.br
Mariana Rocha,85127947503,bpereira@bol.com.br
Mariana Souza,87099185935,pferreira@da.br
Mariane Ramos,36604508151,bernardoazevedo@viana.com
Mariane Viana,72584297237,barrosigor@campos.br
Marina Ferreira,81304667139,barbara80@uol.com.br
Marina Pires,20322653737,benicio44@gmail.com
Marina das Neves,49188455440,nunesjoao-pedro@bol.com.br
Matheus Caldeira,85686189769,ccampos@dias.com
Maysa Mendes,53635025860,stella25@rodrigues.br
Maysa da Rocha,66943161074,teixeiramarcela@melo.org
Melissa Costela,92605593132,monteiroevelyn@gmail.com
Melissa Fernandes,77518938092,nicolas83@yahoo.com.br
Melissa Novaes,25796374028,pintomelissa@da.com
Melissa Ramos,27571609869,silveirayasmin@monteiro.net
Miguel Cavalcanti,80114088001,andreferreira@bol.com.br
Miguel da Costa,60475619921,juan40@martins.com
Miguel da Mota,37406738417,pedro-lucas93@pinto.com
Milena Castro,99973580277,mendesluiz-henrique@yahoo.com.br
Milena Cunha,19229674999,xmonteiro@rezende.net
Milena Fernandes,47145456975,alicecardoso@monteiro.br
Milena Ferreira,83826968422,sofiagomes@yahoo.com.br
Milena Lima,98183730816,davi-luccagomes@nascimento.br
Milena Pereira,52954808546,ncastro@barros.br
Milena da Costa,68035049901,brunosouza@barbosa.br
Mirella Azevedo,84602851737,brunocostela@uol.com.br
Mirella Costa,58824543800,rda-cruz@uol.com.br
Mirella Cunha,73939112204,murilo86@yahoo.com.br
Mirella Fogaça,84746573597,rezenderaquel@silva.br
Mirella Gonçalves,32006493092,moreiramaria@hotmail.com
Mirella Pereira,50224212778,xnovaes@sales.br
Mirella Vieira,23165441647,melogabrielly@moreira.org
Mirella da Mata,52676546365,davi-luiz68@monteiro.net
Mirella da Rocha,89046176425,emanuellamoraes@yahoo.com.br
Murilo Cavalcanti,53958362855,mda-paz@ig.com.br
Murilo Farias,11376587586,murilodas-neves@vieira.com
Murilo Fernandes,46313329000,raquelaraujo@azevedo.com
Murilo Gonçalves,95733036653,das-neveseduardo@uol.com.br
Murilo Novaes,51661488415,larissa64@melo.org
Murilo Santos,81376079383,vieirahelena@duarte.com
Murilo Vieira,99014521119,martinsthiago@correia.br
Nathan Gonçalves,91957809127,gomesian@bol.com.br
Nathan Mendes,36373318568,rmoreira@farias.com
Natália Freitas,66194446309,vjesus@monteiro.com
Natália Monteiro,64202532164,pereirasamuel@novaes.com
Natália Nunes,85287552006,ana-clarasilveira@costa.com
Natália Teixeira,71875060474,rochabenicio@peixoto.com
Natália da Cunha,84513217406,oliveirastella@yahoo.com.br
Natália da Mota,57787054734,joao-miguelteixeira@aragao.br
Nicolas Ferreira,95924357249,vmelo@da.com
Nicolas Sales,88258841607,eloah11@hotmail.com
Nicole Araújo,60928759708,da-cunhaleonardo@da.net
Nicole Nascimento,72805791510,da-cruznicolas@mendes.br
Nicole da Mota,45078659187,maria-fernanda58@barros.com
Nina Araújo,42314318874,amonteiro@yahoo.com.br
Nina Lima,36399121228,ana-beatriz67@yahoo.com.br
Nina Moreira,68446300248,pedro-lucas03@hotmail.com
Nina Novaes,75203428624,elisarodrigues@hotmail.com
Noah Cunha,64671184552,vteixeira@uol.com.br
Noah Mendes,58564659343,acavalcanti@ig.com.br
Noah Mendes,82174467339,maria-ceciliada-cruz@da.com
Noah Oliveira,40651680966,carlos-eduardo19@carvalho.com
Olivia Cavalcanti,14032474067,claracastro@ig.com.br
Olivia Jesus,41266453674,laviniarodrigues@hotmail.com
Olivia da Conceição,20499138111,camposagatha@caldeira.com
Olivia das Neves,59796686862,vitor-hugo53@uol.com.br
Otávio Lima,99033943634,ana-vitoria50@nogueira.com
Otávio Lopes,78588943682,carolineteixeira@bol.com.br
Paulo Silveira,82136817529,marcelada-rocha@nascimento.org
Paulo da Conceição,68257424892,kamilly94@hotmail.com
Pedro Barbosa,65854136596,alicealmeida@pinto.com
Pedro Barbosa,93627102844,alexandrecosta@gmail.com
Pedro Correia,16314590638,nnovaes@uol.com.br
Pedro Henrique Almeida,48401473022,eda-rocha@da.net
Pedro Henrique Ferreira,59865095113,caraujo@moraes.br
Pedro Henrique Viana,71575198492,emilly80@da.org
Pedro Henrique da Conceição,85239234519,henrique52@cardoso.br
Pedro Henrique da Mata,63578765954,camposmiguel@sales.com
Pedro Henrique da Mota,48982020439,joao-miguelramos@melo.br
Pedro Lopes,90291090514,vicentegoncalves@uol.com.br
Pedro Lucas Barros,19655714494,pedro-miguel31@almeida.br
Pedro Lucas Pinto,70233657673,jmendes@gmail.com
Pedro Lucas Teixeira,40817727366,da-luzjoao@hotmail.com
Pedro Miguel Farias,51946824722,theo14@gmail.com
Pedro Miguel Gomes,40892494016,gabriellyrodrigues@ig.com.br
Pedro Miguel Ribeiro,86376151921,nogueirafernanda@bol.com.br
Pedro Oliveira,41586450423,isabellyrocha@araujo.org
Pedro da Cruz,81089322519,andreda-conceicao@da.com
Pietra Cardoso,79496621040,cavalcantisophia@uol.com.br
Pietra Vieira,37030795748,eduardadias@porto.com
Pietra Vieira,37300982296,marcelosilveira@bol.com.br
Pietro Correia,23454004227,nunesalice@duarte.br
Pietro Pinto,38253284693,mariajesus@gmail.com
Pietro da Mota,37670719332,enunes@gmail.com
Rafael Caldeira,58510487235,almeidabenicio@ramos.br
Rafael Jesus,13798085633,leticia75@souza.com
Rafael Moura,12905065141,carlos-eduardocaldeira@novaes.com
Rafael Peixoto,12953843700,nunesthales@da.br
Rafael Silveira,24028574547,qmartins@nascimento.net
Rafaela Cavalcanti,30589992979,ccaldeira@uol.com.br
Rafaela da Conceição,83531561854,vianafrancisco@bol.com.br
Raquel Aragão,28186239034,santosamanda@cardoso.com
Raquel Fernandes,70018643981,qda-costa@hotmail.com
Raquel Nascimento,76420810928,paulo66@yahoo.com.br
Raquel da Conceição,11323604593,rezendeesther@gmail.com
Raquel da Luz,29915697513,joao-felipe88@peixoto.net
Raul Azevedo,22959173809,pfreitas@da.org
Raul Campos,31008432963,renan38@araujo.br
Raul Castro,77718777127,luizacarvalho@yahoo.com.br
Raul Cunha,67435664720,lunada-rocha@teixeira.br
Raul das Neves,23430635895,tda-mota@yahoo.com.br
Rebeca Correia,47793960066,portoluiz-miguel@castro.br
Rebeca Cunha,97445476228,emillybarbosa@yahoo.com.br
Rebeca Fogaça,43412757575,ocardoso@pereira.com
Rebeca Gomes,39998354059,zcarvalho@jesus.br
Rebeca Lopes,56946661178,mteixeira@monteiro.com
Rebeca Rodrigues,37359163529,manuela75@yahoo.com.br
Rebeca da Rocha,84407194254,stephanysouza@lopes.org
Renan Araújo,86870520188,bruna14@yahoo.com.br
Renan da Costa,36731430559,castrovitor-gabriel@silva.net
Rodrigo Nascimento,20477989159,thales70@pereira.net
Rodrigo Novaes,69582804964,pedro-miguel00@bol.com.br
Rodrigo Nunes,62039366943,pedro03@yahoo.com.br
Rodrigo Oliveira,96477382238,joana27@castro.com
Rodrigo Pires,23254315266,mrezende@farias.br
Rodrigo da Cunha,74060893650,acostela@da.br
Ryan Carvalho,46822621036,pereiralara@souza.com
Ryan Cunha,93209684351,lazevedo@bol.com.br
Ryan Moura,78337284102,azevedovitor@uol.com.br
Ryan Oliveira,95412756779,maria-eduarda75@pinto.net
Ryan Santos,54918209247,da-luzdaniel@gmail.com
Sabrina Caldeira,71156351135,zoliveira@hotmail.com
Sabrina Campos,55699491862,emanuella49@uol.com.br
Sabrina Cardoso,24284470604,lucaspeixoto@bol.com.br
Sabrina Martins,63911002422,teixeiracaue@ferreira.br
Sabrina Monteiro,60680421338,andremoreira@hotmail.com
Sabrina Pereira,42526534495,enzo49@ig.com.br
Sabrina Sales,56353913698,pda-cunha@gmail.com
Samuel Ferreira,29179875776,isabel95@viana.net
Samuel Gomes,41129932365,ana-julia48@bol.com.br
Samuel Martins,85105153058,caragao@lopes.com
Samuel Melo,98925921028,maria-sophiafernandes@ig.com.br
Samuel Santos,50452155032,maitecardoso@da.br
Sarah Barbosa,28994786252,maria-vitoriamendes@gmail.com
Sarah Caldeira,76232099921,qbarros@bol.com.br
Sarah Castro,33147403579,pereirayago@sales.com
Sarah Ferreira,42363056852,pedro-miguelfernandes@yahoo.com.br
Sarah Gomes,60520596604,evelyncarvalho@cavalcanti.br
Sarah Jesus,15789364897,hduarte@bol.com.br
Sarah Silva,62989273900,raquel58@ig.com.br
Sarah da Costa,38442258752,mribeiro@uol.com.br
Sofia Barros,74208056850,ana-julia22@lopes.com
Sofia Pires,76881999398,mendestheo@hotmail.com
Sofia da Paz,50190035892,freitassophia@hotmail.com
Sophia Caldeira,59362910541,cavalcantigustavo-henrique@monteiro.org
Sophia Duarte,84336306546,amandagoncalves@nunes.com
Sophia Mendes,39378758927,mcastro@gmail.com
Sophia Moura,55994632311,maria-fernanda15@castro.org
Sophia Souza,39718855133,ana-beatrizda-cruz@gmail.com
Sophie Fernandes,97380387644,igor24@da.com
Sophie Ramos,65330688952,mouracatarina@gmail.com
Sr. Alexandre da Rocha,65797775724,nathanazevedo@cunha.br
Sr. Breno da Mata,51968687084,barrosheloisa@uol.com.br
Sr. Danilo Fogaça,31073914378,bryanalves@castro.com
Sr. Danilo da Mata,69878981058,mcardoso@ig.com.br
Sr. Davi Lucca Rocha,36459252056,carvalhocalebe@silva.org
Sr. Diogo Viana,62785243642,pedroalmeida@castro.net
Sr. Eduardo Gonçalves,60252054608,luiz-migueljesus@teixeira.net
Sr. Emanuel da Costa,62432252180,holiveira@cardoso.br
Sr. Enzo Campos,24255237526,pmartins@yahoo.com.br
Sr. Fernando Nascimento,36409601239,alexiarodrigues@ferreira.org
Sr. Gabriel Pinto,83291494480,lopesguilherme@cavalcanti.com
Sr. Ian Ferreira,62919232361,da-conceicaoana-carolina@da.com
Sr. Igor Gonçalves,74932231784,gomeselisa@ig.com.br
Sr. Igor Rezende,74676288642,lauraoliveira@lima.com
Sr. João Pedro da Rosa,45214686350,joao97@gmail.com
Sr. Leandro Barros,65020844428,maria-cecilia99@aragao.com
Sr. Leandro Lima,98378416652,vitoria98@duarte.com
Sr. Leandro Pinto,50049312487,maria-eduardasilveira@bol.com.br
Sr. Leonardo Novaes,54448553891,gomesbruno@viana.com
Sr. Lucas Souza,90463713296,azevedolevi@bol.com.br
Sr. Luigi Lopes,65657847025,bernardofarias@das.br
Sr. Luiz Felipe Cardoso,91384745610,olivia11@costela.com
Sr. Luiz Otávio Martins,51624820369,heitorcorreia@bol.com.br
Sr. Matheus Fernandes,80799626855,novaeslevi@gmail.com
Sr. Murilo da Conceição,47338972131,qcardoso@gmail.com
Sr. Nicolas Teixeira,79202728911,nascimentomelissa@pinto.org
Sr. Pedro Henrique Silveira,45545027483,pedro-miguelpereira@uol.com.br
Sr. Pedro Silva,52591188397,laisfarias@pereira.com
Sr. Pietro Peixoto,11695044406,natalianascimento@da.br
Sra. Ana Clara Peixoto,89182217352,luccaporto@sales.br
Sra. Ana Laura Martins,79529753452,hgomes@goncalves.br
Sra. Bárbara Campos,26602586669,marcelofogaca@hotmail.com
Sra. Bárbara Correia,47749720688,pedromartins@hotmail.com
Sra. Carolina Ribeiro,64682834117,carlos-eduardoda-paz@bol.com.br
Sra. Catarina Duarte,18631769494,moraesjoao-pedro@araujo.com
Sra. Fernanda Aragão,58865084972,yasmin92@melo.com
Sra. Joana Almeida,58435462664,araujojoao-guilherme@santos.com
Sra. Juliana Ferreira,20397123378,pauloribeiro@moura.br
Sra. Kamilly Sales,13191893429,freitasisaac@hotmail.com
Sra. Luna Lopes,76817059319,giovanna32@uol.com.br
Sra. Lívia Rezende,14677797266,cardosoraul@moraes.com
Sra. Marcela Fogaça,19156458092,clarice22@gmail.com
Sra. Marcela Santos,65625349384,da-rosaantonio@novaes.br
Sra. Maria Julia Silveira,47566275369,hazevedo@porto.org
Sra. Yasmin Costela,51099279109,da-matajoao-miguel@hotmail.com
Srta. Agatha Ferreira,90160843800,stellada-rocha@hotmail.com
Srta. Agatha Rocha,64309338489,mgoncalves@ig.com.br
Srta. Alana da Cunha,72147772890,lais15@das.com
Srta. Amanda Lima,94710109966,gustavonunes@bol.com.br
Srta. Ana Beatriz Campos,57054115422,evelyn68@barros.com
Srta. Ana Laura Caldeira,44148952531,diogopereira@ig.com.br
Srta. Catarina Ramos,24839629458,da-cunhaana-laura@fernandes.net
Srta. Eduarda Pereira,15590655992,tpires@gomes.br
Srta. Fernanda Oliveira,42551260960,gustavo-henrique14@bol.com.br
Srta. Giovanna Lopes,75268564585,luiz-gustavo52@gmail.com
Srta. Isabel Pinto,24006433451,mendesheitor@fogaca.com
Srta. Isis da Paz,57792216317,alvesolivia@moraes.br
Srta. Juliana Silva,14740539384,caua97@santos.org
Srta. Lavínia Nunes,88808052485,correiaalexandre@bol.com.br
Srta. Letícia Caldeira,56192264452,enrico66@yahoo.com.br
Srta. Lorena da Cunha,83413411711,da-luzluiz-fernando@cardoso.br
Srta. Manuela Caldeira,83605003394,novaesbarbara@vieira.com
Srta. Marcela Costa,23519786852,jcampos@cardoso.com
Srta. Maria Alice Gomes,90252749456,silvaleandro@nascimento.org
Srta. Maria Luiza Nunes,92912872966,joao-vitoroliveira@ig.com.br
Srta. Mirella Mendes,42450889093,ian04@duarte.com
Srta. Raquel Farias,71429938459,vitor53@da.net
Stella Pires,82529398538,mariadas-neves@ig.com.br
Stella Santos,35501034950,luiz-henrique52@ig.com.br
Stephany Caldeira,62211520483,benjamin02@da.net
Stephany Rocha,98954653069,naragao@uol.com.br
Thales Cavalcanti,49251180004,joao-miguel68@costa.br
Thales Fernandes,55307831178,fmelo@ig.com.br
Thales Lopes,20302877240,ana-sophiacampos@uol.com.br
Thales Silva,69473728425,luna43@yahoo.com.br
Theo Cardoso,89930731606,barrosdanilo@hotmail.com
Theo Porto,90794604236,onogueira@bol.com.br
Theo Viana,51266998099,tmartins@gmail.com
Thiago Cardoso,41927680196,ana-julia47@bol.com.br
Thiago Lopes,22530901487,vitor-hugogoncalves@da.com
Thiago Ramos,28025398050,ana-lauracostela@farias.net
Thiago da Conceição,69873723755,pedro-miguel33@barbosa.net
Thomas Barros,47181278750,barbara26@rezende.br
Thomas Caldeira,15728405105,goncalvesthiago@yahoo.com.br
Thomas Cardoso,21848106719,azevedobruno@yahoo.com.br
Thomas Freitas,72285511943,pintobenjamin@yahoo.com.br
Thomas Lopes,49808546382,giovanna75@rocha.br
Thomas Monteiro,71016616172,joao-vitor53@bol.com.br
Thomas Silveira,57243404798,ycunha@ig.com.br
Valentina Silveira,49970846134,milenasilveira@yahoo.com.br
Vicente Cardoso,34715625845,ramosvitor-gabriel@da.br
Vicente Costela,65095125634,costelaluiz-felipe@barbosa.com
Vicente Novaes,37764617509,caldeiraian@silva.br
Vicente Sales,82437450708,lopeslivia@bol.com.br
Vicente da Rocha,33595267533,pcampos@viana.com
Vinicius Cardoso,21788855570,ypereira@gmail.com
Vinicius Cardoso,31582959329,rodriguesheloisa@rezende.net
Vinicius Costa,90337440492,mcardoso@ferreira.br
Vinicius Costela,86625324104,luiz-gustavomoura@bol.com.br
Vitor Gabriel Jesus,85098385054,marcela91@ig.com.br
Vitor Hugo Azevedo,40292945539,pedro-lucasnunes@ig.com.br
Vitor Pinto,53882102102,ybarbosa@costela.com
Vitor Porto,40789398207,lviana@ig.com.br
Vitória Dias,92933719913,hpinto@novaes.com
Vitória Duarte,25752012225,joao-guilhermesantos@yahoo.com.br
Vitória Fogaça,89879985475,caue14@uol.com.br
Vitória Freitas,78501886140,xcavalcanti@jesus.br
Vitória Martins,85498653075,ana-lauraalves@lopes.net
Vitória Mendes,79636729284,fda-rosa@gmail.com
Yago Oliveira,85285527032,vitorcosta@alves.net
Yago da Luz,69555909871,freitasthales@carvalho.br
Yasmin Viana,35116945528,tpires@gmail.com
Yuri Nogueira,90933945307,ccampos@das.com
Yuri da Rocha,89451042983,giovanna19@rezende.br
